{"swaptions": [-453.00462879332315, 100.0], "ferret": [57.91341176470586, 100.0], "bodytrack": [3.2467, 5], "svm": [20.17, 28.23], "nn": [45, 50], "facedetect": [71,92]}
