{"facedetect": [82.15818169261655, 100.0], "swaptions": [57.78033492228474, 100.0], "svm": [26.32, 28.98], "nn": [32.2, 41.3], "ferret": [18.94745098039216, 100.0], "bodytrack": [0.0, 100.0]}