;ACYC;AFREQ;C0res%;C10res%;C1res%;C2res%;C3res%;C3res%;C6res%;C6res%;C7res%;C7res%;C8res%;C9res%;EXEC;FREQ;INST;INSTnom;INSTnom%;IPC;L2HIT;L2MISS;L2MPI;L3HIT;L3MISS;L3MPI;PhysIPC;PhysIPC%;Proc Energy (Joules);READ;TIME(ticks);WRITEnum 800000;1.05e+05;1.06;12.6;0;13.8;4.11;0;0;0;0;0;0;0;0;0.277;0.133;2.18e+05;0.554;13.9;2.08;0.926;14.1;6.44e-05;0.903;1.32;6.07e-06;4.16;104;618;13.8;9.84e+04;0.545
num 300000;3.97e+04;1.05;11.8;0;12.5;10.3;0;0;0;0;0;0;0;0;0.258;0.125;8.22e+04;0.516;12.9;2.07;0.925;5.44;6.62e-05;0.852;0.786;9.57e-06;4.14;103;237;5.74;3.98e+04;0.336
num 500000;6.59e+04;1.06;12.3;0;13.1;6.3;0;0;0;0;0;0;0;0;0.27;0.13;1.36e+05;0.539;13.5;2.07;0.928;8.57;6.28e-05;0.887;0.955;7e-06;4.14;104;390;8.9;6.33e+04;0.414
num 600000;7.97e+04;1.06;12.5;0;14.1;5.43;0;0;0;0;0;0;0;0;0.275;0.133;1.65e+05;0.551;13.8;2.07;0.926;10.6;6.44e-05;0.804;2.05;1.25e-05;4.14;103;469;11.3;7.48e+04;0.562
num 100000;1.36e+04;1.04;10.2;0;16.5;24;0;0;0;0;0;0;0;0;0.217;0.106;2.78e+04;0.433;10.8;2.04;0.879;3.07;0.00011;0.742;0.781;2.8e-05;4.08;102;85;3.01;1.61e+04;0.278
num 900000;1.18e+05;1.06;12.6;0;14.4;3.61;0;0;0;0;0;0;0;0;0.277;0.133;2.45e+05;0.554;13.9;2.08;0.938;13.1;5.36e-05;0.888;1.44;5.88e-06;4.16;104;689;15.4;1.1e+05;0.567
num 1000000;1.32e+05;1.06;12.7;0;14.2;3.34;0;0;0;0;0;0;0;0;0.279;0.135;2.73e+05;0.559;14;2.07;0.934;15.6;5.73e-05;0.892;1.64;6.03e-06;4.15;104;773;17;1.22e+05;0.646
num 400000;5.7e+04;1.05;13.1;0;18.3;2.57;0;0;0;0;0;0;0;0;0.276;0.138;1.14e+05;0.553;13.8;2;0.836;19.1;0.000167;0.891;2.03;1.78e-05;4.01;100;319;7.87;5.17e+04;1.28
num 200000;2.67e+04;1.04;11.4;0;15.1;14.3;0;0;0;0;0;0;0;0;0.245;0.119;5.51e+04;0.49;12.2;2.06;0.906;4.59;8.33e-05;0.881;0.536;9.74e-06;4.12;103;160;3.99;2.81e+04;0.281
num 700000;9.21e+04;1.06;12.5;0;16;4.21;0;0;0;0;0;0;0;0;0.275;0.133;1.91e+05;0.551;13.8;2.08;0.926;12.2;6.4e-05;0.896;1.25;6.54e-06;4.15;104;543;12.1;8.68e+04;0.522
